cecha,psi_test_vs_C,ks_test_vs_C,ks_p,psi_trening_vs_test,srednia_test,srednia_C
total_carry_distance_p90,0.2657,0.2074,2.976591422849898e-36,0.0332,178.5561,147.1628
mecze,0.2598,0.1261,1.2622583887091558e-13,0.0157,24.1523,21.2806
fouls_committed_p90,0.2399,0.2081,1.726150507755104e-36,0.0116,1.2725,1.5794
short_attempted_p90,0.2371,0.1999,1.1191809784751912e-33,0.0036,19.5846,16.1939
short_completed_p90,0.2331,0.2049,2.1371851175558285e-35,0.0053,17.1618,13.863
carries_p90,0.2297,0.1942,7.970807484948557e-32,0.0219,32.8123,27.7353
progressive_carry_distance_p90,0.177,0.1826,3.67471404142503e-28,0.0059,86.634,71.1905
dribble_success_percentage,0.1492,0.1688,1.5480274406473e-23,0.5291,47.4304,53.9724
interceptions_p90,0.1457,0.1553,1.8010367708712458e-20,0.2724,0.8003,1.0096
long_attempted_p90,0.1365,0.1613,4.894611576220627e-22,0.0667,5.1152,6.1064
switches_p90,0.1327,0.1488,8.291915027072217e-19,0.1282,0.2707,0.366
fouls_drawn_p90,0.1282,0.1516,1.5937904377248512e-19,0.0085,1.1664,1.4579
long_completed_p90,0.121,0.1333,3.4692568269958308e-15,0.0643,2.868,3.4455
free_kick_p90,0.1204,0.1515,1.7611202780916943e-19,0.0085,0.9372,1.2249
short_completion_percentage,0.1184,0.1428,2.366624029150644e-17,0.0149,86.0597,84.2587
completion_percentage,0.1168,0.1424,2.9622087087505694e-17,0.0278,78.0775,75.5115
throw_ins_p90,0.114,0.0815,6.066856290530732e-06,0.0436,1.9588,2.186
received_p90,0.1045,0.1366,6.48577241426914e-16,0.0053,36.8273,33.068
dead_ball_p90,0.1033,0.0881,7.186579644170682e-07,0.0349,3.7082,4.1833
yellow_cards_p90,0.1031,0.1268,9.144305623898593e-14,0.0126,0.2233,0.2681
final_third_carries_p90,0.1024,0.1146,2.4819802741946814e-11,0.0251,1.351,1.1267
blocks_p90,0.0855,0.1305,1.459281525374533e-14,0.029,1.1443,1.0269
touches_attacking_penalty_area_p90,0.0848,0.1021,4.397729453150325e-09,0.0371,2.3158,1.8841
passes_into_penalty_area_p90,0.078,0.1061,8.904485791479848e-10,0.0138,0.7996,0.6616
live_ball_p90,0.0778,0.1143,2.8974802486232872e-11,0.0036,40.962,36.9626
touches_defensive_penalty_area_p90,0.077,0.1045,1.7495841849107602e-09,0.0465,3.2205,2.6602
penalty_area_carries_p90,0.0744,0.0906,3.0117627647331517e-07,0.0128,0.4854,0.3539
total_touches_p90,0.0732,0.0918,2.0099550010776718e-07,0.0043,55.8553,52.001
live_ball_touches_p90,0.0732,0.0913,2.4031446451935127e-07,0.0045,55.8417,51.9858
total_completed_p90,0.0682,0.1007,7.509598790475209e-09,0.0081,35.9265,31.9894
progressive_carries_p90,0.0668,0.0895,4.4179693203817063e-07,0.0122,1.7947,1.5293
successful_dribbler_tackle_percentage,0.065,0.1065,8.326171791913778e-10,0.1722,48.1858,44.4432
minuty_sezon,0.0647,0.0906,3.038341314016377e-07,0.0218,1543.6214,1388.3429
touches_attacking_third_p90,0.0574,0.0924,1.624376340420051e-07,0.0222,14.8377,13.1483
through_balls_p90,0.0546,0.111,1.1581852314949563e-10,0.0422,0.1273,0.1037
total_attempted_p90,0.0519,0.0882,6.879959472295868e-07,0.0065,44.8348,41.3242
wzrost_cm,0.0495,0.0979,2.209740379003812e-08,0.0184,182.5616,181.1029
xA_p90,0.0476,0.0881,7.186187075136924e-07,0.0182,0.0859,0.0744
progressive_passes_p90,0.0469,0.0897,4.2219993677186707e-07,0.0127,3.6722,3.4537
errors_leading_to_shot_p90,0.0464,0.0875,8.65530370744887e-07,0.0019,0.0262,0.0184
blocked_passes_p90,0.0453,0.072,9.898179287689845e-05,0.0073,0.954,0.8773
passes_blocked_p90,0.045,0.0763,2.9288801844049286e-05,0.011,0.8169,0.7465
dribblers_tackled_p90,0.0428,0.0861,1.376231825355594e-06,0.0585,0.7937,0.7152
crosses_p90,0.0424,0.0537,0.007990457002714887,0.0123,1.7945,1.8594
progressive_passes_received_p90,0.0409,0.0516,0.012207333272271883,0.0202,4.0387,3.6937
med_completion_percentage,0.0391,0.0875,8.622554994101691e-07,0.0345,81.6097,79.9421
wiek,0.0353,0.0624,0.0011448852803248124,0.0062,26.4757,26.1148
touches_midfield_third_p90,0.0348,0.0599,0.0020882654676148667,0.0157,26.6172,25.0819
goal_creating_actions_p90,0.0334,0.0688,0.00023210072668883864,0.008,0.2379,0.2176
tackles_attacking_third_p90,0.0328,0.0766,2.6607365077696845e-05,0.0165,0.2213,0.195
clearances_p90,0.032,0.0726,8.429666263254213e-05,0.0144,1.8679,1.7676
tackles_p90,0.0316,0.069,0.0002204322594538409,0.0075,1.6871,1.5847
tackled_perecentage,0.0312,0.0598,0.0025001687240436467,0.05,43.4839,41.9152
xAG_p90,0.0306,0.078,1.754233433545759e-05,0.0155,0.0965,0.0897
tackles_midfield_third_p90,0.03,0.0512,0.013176952106596437,0.0076,0.6624,0.6477
key_passes_p90,0.0297,0.0688,0.0002351761885669159,0.0171,0.9743,0.8823
recoveries_p90,0.0295,0.0588,0.0026797818033429295,0.1306,4.6609,4.8208
med_completed_p90,0.0292,0.0565,0.004441147664826991,0.0126,14.8306,13.8282
shots_on_target_p90,0.0271,0.0577,0.0033765294462601066,0.0161,0.4436,0.4067
progressive_distance_p90,0.0264,0.0378,0.12842840230980182,0.01,189.0987,189.4808
aerials_won_p90,0.0264,0.0698,0.0001777874967825232,0.0338,1.3697,1.4953
assists_p90,0.0263,0.0828,3.985571714715692e-06,0.0039,0.0954,0.0857
attempted_tackles_vs_dribblers_p90,0.026,0.058,0.0031961555463745623,0.0067,1.6219,1.5726
tackled_p90,0.026,0.0498,0.017061314633300854,0.0394,0.8536,0.7655
shots_blocked_p90,0.0256,0.0697,0.00018109933655238174,0.021,0.3274,0.2804
shot_creating_actions_p90,0.0248,0.0567,0.004217466968192739,0.0249,2.2746,2.1188
dribbled_past_p90,0.0247,0.0457,0.036088189617305116,0.0563,0.8282,0.8574
med_attempted_p90,0.0245,0.0544,0.006823343235684845,0.0121,17.4725,16.5965
shots_p90,0.0235,0.0504,0.015318199038386634,0.0226,1.338,1.2622
miscontrolled_p90,0.0223,0.0411,0.07779788642901936,0.0139,1.5905,1.6304
touches_defensive_third_p90,0.0209,0.0491,0.019509249515959136,0.0139,14.996,14.355
crosses_into_penalty_area_p90,0.0204,0.0594,0.0023133648349151956,0.0049,0.2145,0.2097
red_cards_p90,0.0195,0.0662,0.00045775923730554833,0.0013,0.0108,0.016
total_distance_p90,0.0195,0.0408,0.08110145713370388,0.0028,600.7093,572.897
tackles_defensive_third_p90,0.0192,0.0548,0.006294389920099007,0.0097,0.8034,0.742
npxG_p90,0.0188,0.0466,0.03108991936605956,0.0107,0.1301,0.1234
successful_dribbles_p90,0.018,0.0296,0.3668480749188707,0.0234,0.8407,0.8642
final_third_passes_p90,0.0174,0.0529,0.009250823969318495,0.0097,2.8265,2.6514
aerials_lost_p90,0.0172,0.0528,0.009628937203534835,0.0516,1.4698,1.6011
goals_p90,0.017,0.0606,0.0017441419466981592,0.0057,0.1369,0.1259
xG_p90,0.0158,0.0458,0.03565415277646816,0.0092,0.141,0.1354
dispossessed_p90,0.0155,0.0339,0.2169976018959994,0.0161,0.9391,0.9207
dribbles_attempted_p90,0.0149,0.0466,0.03113764685508955,0.0201,1.8653,1.7127
tackles_plus_interceptions_p90,0.0147,0.0556,0.0053149952182051175,0.0724,2.4875,2.5943
offsides_z_podan_p90,0.014,0.059,0.002521513206928876,0.0118,0.1647,0.1783
tackles_won_p90,0.0136,0.0391,0.10625196073736702,0.012,1.0126,0.9948
inswinging_corner_kicks_p90,0.0134,0.0537,0.007913748225322372,0.0033,0.1923,0.2286
aerials_won_percentage,0.0123,0.0287,0.4070765121282631,0.007,46.0672,45.9753
outswinging_corner_kicks_p90,0.0104,0.022,0.7347230136644719,0.0011,0.1803,0.1696
offsides_p90,0.0099,0.0301,0.3451814098551253,0.0095,0.1986,0.2094
long_completion_percentage,0.0076,0.0258,0.5420514858113177,0.0047,56.4404,55.8056
corner_kicks_p90,0.0059,0.0367,0.15060724692982752,0.0033,0.4672,0.4987
penalties_conceded_p90,0.0046,0.0223,0.7217506156906026,0.0019,0.0154,0.0165
penalties_attempted_p90,0.0009,0.0129,0.9967079762185969,0.0,0.0136,0.015
penalties_scored_p90,0.0001,0.0086,0.9999994682615789,0.0,0.0103,0.0109
straight_corner_kicks_p90,0.0,0.031,0.312585850962515,0.0,0.0046,0.0107
second_yellow_cards_p90,0.0,0.0443,0.045775400477231734,0.0,0.0045,0.0077
own_goals_p90,0.0,0.0094,0.9999924965856443,0.0,0.0041,0.0036
penalties_won_p90,0.0,0.0124,0.9980569063323741,0.0,0.0137,0.0147
