cecha,najwiekszy_skok_sd,miedzy_sezonami,trwaly_krok_sd,anomalia_2020_2021_sd,zmiana_calkowita_proc,srednia_pierwszy_sezon,srednia_ostatni_sezon
dribble_success_percentage,0.5002,2021-2022 -> 2022-2023,-0.6471,0.157,-23.1,61.716,47.43
through_balls_p90,0.4153,2020-2021 -> 2021-2022,0.0594,-0.3938,13.3,0.112,0.127
tackles_won_p90,0.3103,2017-2018 -> 2018-2019,-0.2405,-0.1988,-16.7,1.216,1.013
recoveries_p90,0.31,2022-2023 -> 2023-2024,-0.1109,-0.044,-8.3,5.085,4.661
clearances_p90,0.265,2018-2019 -> 2020-2021,-0.2439,-0.1335,-16.7,2.243,1.868
dispossessed_p90,0.2251,2018-2019 -> 2020-2021,-0.2185,-0.1227,-17.8,1.142,0.939
tackles_p90,0.2141,2018-2019 -> 2020-2021,-0.0713,-0.1698,-5.0,1.775,1.687
tackles_defensive_third_p90,0.2107,2018-2019 -> 2020-2021,-0.0869,-0.152,-7.2,0.866,0.803
successful_dribbler_tackle_percentage,0.2099,2021-2022 -> 2022-2023,0.3631,-0.1432,20.2,40.075,48.186
tackled_perecentage,0.2046,2020-2021 -> 2021-2022,0.1442,-0.1636,13.8,38.198,43.484
interceptions_p90,0.194,2020-2021 -> 2021-2022,-0.4463,0.118,-30.9,1.158,0.8
blocked_passes_p90,0.178,2018-2019 -> 2020-2021,-0.1192,-0.084,-7.9,1.036,0.954
dribbled_past_p90,0.1702,2017-2018 -> 2018-2019,-0.1865,0.1102,-15.7,0.983,0.828
dribblers_tackled_p90,0.1661,2020-2021 -> 2021-2022,0.2591,-0.0895,16.5,0.681,0.794
switches_p90,0.1605,2022-2023 -> 2023-2024,-0.3102,-0.0201,-34.7,0.414,0.271
straight_corner_kicks_p90,0.1575,2018-2019 -> 2020-2021,-0.1656,-0.0676,-57.2,0.011,0.005
dribbles_attempted_p90,0.1559,2021-2022 -> 2022-2023,0.1594,0.006,8.6,1.717,1.865
received_p90,0.1526,2020-2021 -> 2021-2022,-0.0054,0.1364,1.2,36.397,36.827
med_completion_percentage,0.1515,2018-2019 -> 2020-2021,0.1873,0.1093,3.2,79.092,81.61
final_third_carries_p90,0.1514,2018-2019 -> 2020-2021,-0.093,-0.0582,-3.0,1.393,1.351
total_carry_distance_p90,0.151,2021-2022 -> 2022-2023,0.1156,0.029,6.3,167.993,178.556
offsides_z_podan_p90,0.1499,2017-2018 -> 2018-2019,-0.1599,-0.0415,-17.7,0.2,0.165
aerials_lost_p90,0.1483,2018-2019 -> 2020-2021,-0.2377,-0.0336,-14.5,1.72,1.47
progressive_carries_p90,0.1469,2018-2019 -> 2020-2021,-0.1041,-0.0657,-3.9,1.867,1.795
tackles_midfield_third_p90,0.1456,2018-2019 -> 2020-2021,-0.096,-0.113,-7.5,0.716,0.662
shot_creating_actions_p90,0.1443,2018-2019 -> 2020-2021,0.0183,-0.1096,5.0,2.166,2.275
aerials_won_p90,0.143,2018-2019 -> 2020-2021,-0.2286,-0.0328,-15.0,1.612,1.37
med_completed_p90,0.1426,2018-2019 -> 2020-2021,0.081,0.1201,6.0,13.988,14.831
attempted_tackles_vs_dribblers_p90,0.1338,2017-2018 -> 2018-2019,0.0183,0.024,-2.5,1.664,1.622
live_ball_p90,0.1298,2020-2021 -> 2021-2022,-0.037,0.1154,-0.5,41.167,40.962
completion_percentage,0.1265,2022-2023 -> 2023-2024,0.117,0.0878,2.2,76.434,78.078
med_attempted_p90,0.1263,2018-2019 -> 2020-2021,0.0483,0.1111,2.8,16.997,17.473
tackles_plus_interceptions_p90,0.126,2017-2018 -> 2018-2019,-0.2731,-0.0526,-15.2,2.933,2.487
touches_midfield_third_p90,0.1244,2020-2021 -> 2021-2022,-0.1675,0.0548,-5.4,28.123,26.617
total_completed_p90,0.1231,2020-2021 -> 2021-2022,-0.0017,0.1129,1.5,35.394,35.926
passes_blocked_p90,0.1228,2021-2022 -> 2022-2023,0.0434,-0.0531,0.9,0.81,0.817
blocks_p90,0.1226,2018-2019 -> 2020-2021,0.0981,-0.1046,5.0,1.09,1.144
miscontrolled_p90,0.1213,2021-2022 -> 2022-2023,0.0791,-0.0009,8.8,1.462,1.59
total_attempted_p90,0.1208,2020-2021 -> 2021-2022,-0.0438,0.1066,-0.9,45.251,44.835
successful_dribbles_p90,0.1158,2017-2018 -> 2018-2019,-0.1217,0.0579,-15.1,0.99,0.841
tackled_p90,0.1155,2021-2022 -> 2022-2023,0.1918,-0.051,17.7,0.725,0.854
short_completed_p90,0.1148,2020-2021 -> 2021-2022,-0.0028,0.0879,3.2,16.637,17.162
tackles_attacking_third_p90,0.1147,2020-2021 -> 2021-2022,0.1489,-0.0711,14.3,0.194,0.221
long_attempted_p90,0.1127,2017-2018 -> 2018-2019,-0.216,0.034,-17.2,6.181,5.115
total_distance_p90,0.111,2020-2021 -> 2021-2022,-0.0187,0.1057,-0.8,605.495,600.709
short_completion_percentage,0.1109,2022-2023 -> 2023-2024,0.0332,0.0636,1.0,85.194,86.06
short_attempted_p90,0.1092,2020-2021 -> 2021-2022,-0.0161,0.0847,1.8,19.231,19.585
touches_defensive_third_p90,0.108,2018-2019 -> 2020-2021,0.0832,0.0596,6.0,14.143,14.996
yellow_cards_p90,0.1074,2020-2021 -> 2021-2022,0.0868,-0.0767,11.8,0.2,0.223
errors_leading_to_shot_p90,0.1066,2018-2019 -> 2020-2021,-0.1269,-0.0374,-14.6,0.031,0.026
final_third_passes_p90,0.1066,2017-2018 -> 2018-2019,-0.0292,0.053,-3.9,2.941,2.827
carries_p90,0.1061,2018-2019 -> 2020-2021,0.1574,0.0792,5.9,30.979,32.812
shots_p90,0.1044,2018-2019 -> 2020-2021,0.0521,-0.0909,7.7,1.242,1.338
key_passes_p90,0.1001,2018-2019 -> 2020-2021,0.0456,-0.0851,7.6,0.905,0.974
total_touches_p90,0.0986,2020-2021 -> 2021-2022,-0.034,0.0802,0.1,55.825,55.855
live_ball_touches_p90,0.0984,2020-2021 -> 2021-2022,-0.034,0.0799,0.1,55.813,55.842
shots_blocked_p90,0.0959,2020-2021 -> 2021-2022,0.0907,-0.0874,16.8,0.28,0.327
progressive_carry_distance_p90,0.0952,2020-2021 -> 2021-2022,-0.0121,0.0183,2.2,84.747,86.634
long_completed_p90,0.0933,2022-2023 -> 2023-2024,-0.2214,0.0505,-18.9,3.538,2.868
penalties_won_p90,0.0898,2020-2021 -> 2021-2022,0.0101,0.0791,9.0,0.013,0.014
long_completion_percentage,0.0891,2020-2021 -> 2021-2022,-0.0106,0.0725,0.7,56.054,56.44
xA_p90,0.0891,2020-2021 -> 2021-2022,0.0784,-0.0679,11.0,0.077,0.086
penalties_conceded_p90,0.0813,2020-2021 -> 2021-2022,0.0035,0.0645,10.2,0.014,0.015
offsides_p90,0.0754,2017-2018 -> 2018-2019,-0.0459,-0.0352,-11.8,0.225,0.199
progressive_distance_p90,0.074,2017-2018 -> 2018-2019,-0.0622,0.0458,-5.2,199.42,189.099
fouls_committed_p90,0.0737,2020-2021 -> 2021-2022,-0.0965,0.0507,-5.7,1.35,1.272
goal_creating_actions_p90,0.0702,2022-2023 -> 2023-2024,0.0405,0.0025,7.9,0.221,0.238
touches_defensive_penalty_area_p90,0.0686,2018-2019 -> 2020-2021,0.1724,0.017,21.6,2.649,3.221
penalties_attempted_p90,0.0674,2018-2019 -> 2020-2021,0.0235,0.0644,10.6,0.012,0.014
penalties_scored_p90,0.0667,2018-2019 -> 2020-2021,0.0286,0.0622,16.7,0.009,0.01
progressive_passes_p90,0.0642,2018-2019 -> 2020-2021,-0.121,-0.0029,-5.8,3.897,3.672
fouls_drawn_p90,0.0625,2020-2021 -> 2021-2022,-0.0656,0.0471,-5.5,1.234,1.166
touches_attacking_penalty_area_p90,0.0622,2017-2018 -> 2018-2019,0.1643,-0.0278,20.3,1.925,2.316
shots_on_target_p90,0.0619,2018-2019 -> 2020-2021,0.0469,-0.0536,7.2,0.414,0.444
penalty_area_carries_p90,0.058,2022-2023 -> 2023-2024,0.0712,-0.037,15.3,0.421,0.485
npxG_p90,0.0555,2021-2022 -> 2022-2023,0.0424,-0.016,7.2,0.121,0.13
xG_p90,0.053,2021-2022 -> 2022-2023,0.044,0.0018,7.5,0.131,0.141
progressive_passes_received_p90,0.0529,2018-2019 -> 2020-2021,-0.0406,-0.0189,-3.1,4.166,4.039
xAG_p90,0.0502,2017-2018 -> 2018-2019,0.0473,-0.02,7.3,0.09,0.097
free_kick_p90,0.0494,2018-2019 -> 2020-2021,-0.0401,0.0485,-5.3,0.989,0.937
crosses_into_penalty_area_p90,0.048,2018-2019 -> 2020-2021,0.007,-0.0338,2.6,0.209,0.215
assists_p90,0.0448,2022-2023 -> 2023-2024,0.0421,0.0055,8.6,0.088,0.095
touches_attacking_third_p90,0.0438,2022-2023 -> 2023-2024,0.0428,0.0053,4.4,14.21,14.838
passes_into_penalty_area_p90,0.0409,2022-2023 -> 2023-2024,0.0812,-0.0176,9.3,0.732,0.8
inswinging_corner_kicks_p90,0.0381,2020-2021 -> 2021-2022,-0.0008,-0.0232,-0.9,0.194,0.192
second_yellow_cards_p90,0.0337,2020-2021 -> 2021-2022,-0.0169,-0.0287,-9.5,0.005,0.004
aerials_won_percentage,0.0322,2018-2019 -> 2020-2021,0.0021,0.0174,0.0,46.045,46.067
dead_ball_p90,0.0243,2017-2018 -> 2018-2019,-0.0362,-0.0028,-4.5,3.884,3.708
throw_ins_p90,0.024,2017-2018 -> 2018-2019,-0.0496,-0.0129,-10.3,2.183,1.959
goals_p90,0.0237,2022-2023 -> 2023-2024,0.0488,0.0072,9.1,0.125,0.137
red_cards_p90,0.023,2018-2019 -> 2020-2021,0.0169,-0.0144,10.5,0.01,0.011
crosses_p90,0.0219,2022-2023 -> 2023-2024,-0.0323,0.0072,-3.3,1.855,1.794
own_goals_p90,0.0191,2018-2019 -> 2020-2021,0.0259,0.0056,20.5,0.003,0.004
corner_kicks_p90,0.0177,2021-2022 -> 2022-2023,-0.0108,-0.0146,0.2,0.466,0.467
outswinging_corner_kicks_p90,0.0158,2021-2022 -> 2022-2023,-0.0208,-0.0049,-1.9,0.184,0.18
