,korelacja_z_celem
minuty_sezon,0.4231
mecze,0.4115
received_p90,0.3551
goal_creating_actions_p90,0.353
total_carry_distance_p90,0.3347
progressive_carry_distance_p90,0.3221
carries_p90,0.3184
goals_p90,0.3066
shot_creating_actions_p90,0.2971
short_attempted_p90,0.2935
short_completed_p90,0.2932
xA_p90,0.2914
touches_attacking_penalty_area_p90,0.2882
xAG_p90,0.2866
touches_attacking_third_p90,0.2846
shots_on_target_p90,0.2823
through_balls_p90,0.2791
penalty_area_carries_p90,0.2784
assists_p90,0.2768
progressive_carries_p90,0.2724
final_third_carries_p90,0.2724
shots_p90,0.2642
xG_p90,0.263
passes_into_penalty_area_p90,0.2628
npxG_p90,0.2608
key_passes_p90,0.2499
progressive_passes_p90,0.245
live_ball_p90,0.2379
successful_dribbles_p90,0.2314
total_completed_p90,0.2308
total_touches_p90,0.2221
live_ball_touches_p90,0.2216
dribbles_attempted_p90,0.2139
completion_percentage,0.2125
progressive_passes_received_p90,0.2116
total_attempted_p90,0.2063
long_completion_percentage,0.1987
final_third_passes_p90,0.1955
touches_midfield_third_p90,0.1703
total_distance_p90,0.1649
tackled_p90,0.1571
short_completion_percentage,0.1564
med_completion_percentage,0.1467
med_completed_p90,0.1352
dispossessed_p90,0.1304
penalties_scored_p90,0.1273
penalties_attempted_p90,0.1218
med_attempted_p90,0.1167
corner_kicks_p90,0.1078
inswinging_corner_kicks_p90,0.1008
tackles_attacking_third_p90,0.0995
penalties_won_p90,0.0876
miscontrolled_p90,0.0871
switches_p90,0.0833
offsides_p90,0.0726
offsides_z_podan_p90,0.0683
fouls_drawn_p90,0.0667
outswinging_corner_kicks_p90,0.063
long_completed_p90,0.0519
progressive_distance_p90,0.0495
straight_corner_kicks_p90,0.0478
blocked_passes_p90,0.0375
dribble_success_percentage,0.0318
crosses_p90,0.0275
passes_blocked_p90,0.023
recoveries_p90,0.0174
errors_leading_to_shot_p90,0.0019
wzrost_cm,-0.0031
tackles_midfield_third_p90,-0.0038
free_kick_p90,-0.0063
aerials_won_percentage,-0.0215
long_attempted_p90,-0.0269
crosses_into_penalty_area_p90,-0.0333
second_yellow_cards_p90,-0.0355
successful_dribbler_tackle_percentage,-0.0394
tackled_perecentage,-0.0496
blocks_p90,-0.0505
own_goals_p90,-0.0524
red_cards_p90,-0.0585
dribbled_past_p90,-0.0609
tackles_p90,-0.0684
touches_defensive_third_p90,-0.0694
tackles_won_p90,-0.0739
dead_ball_p90,-0.0749
dribblers_tackled_p90,-0.085
attempted_tackles_vs_dribblers_p90,-0.0869
aerials_won_p90,-0.0918
touches_defensive_penalty_area_p90,-0.0922
penalties_conceded_p90,-0.0997
tackles_plus_interceptions_p90,-0.1057
shots_blocked_p90,-0.1082
throw_ins_p90,-0.1161
interceptions_p90,-0.1194
aerials_lost_p90,-0.1209
tackles_defensive_third_p90,-0.1389
fouls_committed_p90,-0.1472
yellow_cards_p90,-0.1511
clearances_p90,-0.1693
wiek,-0.3439
