market_value_in_eur,udzial
5000000,0.05310629688948833
3000000,0.052263339796004386
2000000,0.051504678411868836
2500000,0.04796425861923628
4000000,0.045772570176178036
10000000,0.04543538733878445
1500000,0.04391806457051336
15000000,0.03624715501980949
6000000,0.034898423670235185
8000000,0.03439264941414482
1000000,0.03363398803000927
20000000,0.030852229621512264
7000000,0.030430751074770293
12000000,0.030430751074770293
3500000,0.029250611143892775
25000000,0.025963078479305405
18000000,0.02309702436146
9000000,0.018376464637949928
30000000,0.017954986091207957
800000,0.01719632470707241
40000000,0.016521959032285257
1200000,0.015004636264014161
1800000,0.01458315771727219
35000000,0.013993087751833432
4500000,0.01315013065834949
22000000,0.01315013065834949
500000,0.012728652111607518
7500000,0.010199780831155695
50000000,0.00994689370311051
14000000,0.009356823737671752
