wiek,par,mediana_log,srednia_log,mediana_mln,mediana_minut
16,3,16.706,16.837,18.0,422.0
17,11,16.118,16.102,10.0,698.0
18,79,16.118,15.822,10.0,633.0
19,205,15.761,15.735,7.0,796.0
20,390,15.607,15.642,6.0,957.5
21,608,15.83,15.841,7.5,1228.5
22,780,15.895,15.915,8.0,1405.5
23,927,15.895,15.902,8.0,1508.0
24,1018,15.895,15.959,8.0,1644.5
25,1038,15.925,15.94,8.25,1742.0
26,1045,15.83,15.836,7.5,1656.0
27,1021,15.83,15.809,7.5,1634.0
28,919,15.687,15.741,6.5,1706.0
29,839,15.607,15.616,6.0,1739.0
30,731,15.32,15.457,4.5,1737.0
31,660,14.914,15.14,3.0,1697.0
32,525,14.732,14.872,2.5,1614.0
33,371,14.221,14.479,1.5,1527.0
34,268,14.221,14.311,1.5,1679.5
35,199,13.816,13.892,1.0,1399.0
36,97,13.71,13.762,0.9,1250.0
37,66,13.592,13.578,0.8,1505.5
38,33,13.122,13.323,0.5,943.0
39,17,13.305,13.405,0.6,1493.0
40,8,13.122,13.42,0.5,984.5
41,4,11.971,12.419,0.175,932.5
43,1,11.918,11.918,0.15,2117.0
