grupa,zmienna,par,mediana_mln,srednia_log,odchylenie_log,mediana_wieku,srednia_reszta,mnoznik
DEF,pozycja,4831,5.0,15.3807,1.2388,27.0,-0.172,0.842
FOR,pozycja,2965,7.5,15.8131,1.2906,26.0,0.225,1.2524
MID,pozycja,4067,6.0,15.6348,1.2548,26.0,0.0403,1.0411
Bundesliga,liga,2142,5.0,15.5292,1.1944,26.0,-0.1164,0.8901
La_Liga,liga,2481,4.0,15.39,1.2786,27.0,-0.1112,0.8947
Ligue_1,liga,2373,4.0,15.2491,1.1728,25.0,-0.3548,0.7013
Premier_League,liga,2354,15.0,16.336,1.1011,27.0,0.7285,2.072
Serie_A,liga,2513,5.0,15.3957,1.2786,26.0,-0.1383,0.8708
AMERYKA_PLD,region,1292,7.5,15.829,1.2996,27.0,0.3344,1.3971
EUROPA,region,8694,6.0,15.5714,1.2819,26.0,-0.0037,0.9963
RESZTA,region,1877,5.0,15.4224,1.1599,26.0,-0.2129,0.8082
both,noga,330,5.75,15.6383,1.2363,27.0,0.1126,1.1191
left,noga,3111,5.0,15.5719,1.2727,26.0,-0.023,0.9773
right,noga,8414,6.0,15.5765,1.2688,26.0,0.0041,1.0041
False,zmienil_lige,11515,5.5,15.5628,1.274,26.0,-0.0063,0.9937
True,zmienil_lige,348,10.0,16.0088,1.0184,25.0,0.21,1.2337
