,cecha_a,cecha_b,korelacja
0,live_ball_touches_p90,total_touches_p90,1.0
1,dribble_success_percentage,tackled_perecentage,0.9995
2,short_attempted_p90,short_completed_p90,0.9928
3,total_attempted_p90,total_touches_p90,0.991
4,live_ball_touches_p90,total_attempted_p90,0.991
5,med_attempted_p90,med_completed_p90,0.9897
6,live_ball_p90,total_completed_p90,0.9849
7,total_attempted_p90,total_completed_p90,0.9821
8,live_ball_p90,total_attempted_p90,0.9758
9,npxG_p90,xG_p90,0.9729
10,med_completed_p90,total_distance_p90,0.9696
11,med_attempted_p90,total_distance_p90,0.9689
12,live_ball_touches_p90,total_completed_p90,0.9679
13,total_completed_p90,total_touches_p90,0.9679
14,live_ball_p90,live_ball_touches_p90,0.9658
15,live_ball_p90,total_touches_p90,0.9658
16,carries_p90,received_p90,0.9563
17,total_completed_p90,total_distance_p90,0.9557
18,progressive_carry_distance_p90,total_carry_distance_p90,0.951
19,live_ball_p90,total_distance_p90,0.9482
20,dribbles_attempted_p90,successful_dribbles_p90,0.9426
21,penalties_attempted_p90,penalties_scored_p90,0.9391
22,total_attempted_p90,total_distance_p90,0.9361
23,med_attempted_p90,progressive_distance_p90,0.9295
24,tackles_p90,tackles_won_p90,0.9255
