zbior,model,os,grupa,duan,n,rmsle,krotnosc,mdape,r2_log,mae_eur,mape,agregat,agregat_po_korekcie,opis,pokrycie,uzupelnione
kalibracja,M0a,calosc,wszystko,2.3716567170871325,1982,1.2618209280385395,3.5318468745077682,72.2222222222222,-0.03205681167191199,10003128.153380424,141.1553627012342,0.39325708934197884,0.9326709253627843,mediana globalna,1.0,0.0
kalibracja,M0a,znany_z_treningu,False,2.3716567170871325,412,1.2158286285694673,3.373087943655065,72.2222222222222,-0.016252583903689777,6640291.262135925,198.7125338688502,0.5850278314211061,1.3874853465642558,mediana globalna,1.0,0.0
kalibracja,M0a,znany_z_treningu,True,2.3716567170871325,1570,1.2736151663129722,3.5737489338025368,72.2222222222222,-0.06787408042782839,10885605.095541403,126.05118784705725,0.36210825422305865,0.8587965727784558,mediana globalna,1.0,0.0
kalibracja,M0a,pozycja,DEF,2.3716567170871325,815,1.212450548276322,3.3617126059649975,70.58823529411761,-0.0009837071230716088,7830061.349693253,164.2365811067312,0.4904615754949748,1.1632066245447774,mediana globalna,1.0,0.0
kalibracja,M0a,pozycja,FOR,2.3716567170871325,505,1.3358692480424628,3.803300521496694,72.2222222222222,-0.12974376900746898,12941287.128712872,120.6900078346377,0.31066790523706106,0.7367977094648085,mediana globalna,1.0,0.0
kalibracja,M0a,pozycja,MID,2.3716567170871325,662,1.2632673457742385,3.5369590967800275,72.2222222222222,-0.04924471908411032,10437084.592145015,128.35145213801843,0.3776965077336497,0.8957665632008527,mediana globalna,1.0,0.0
kalibracja,M0a,liga,Bundesliga,2.3716567170871325,360,1.1800363887759473,3.254492627738043,66.66666666666659,-0.007369175012092111,8582083.333333334,125.45956444986261,0.450174442596506,1.0676593641419185,mediana globalna,1.0,0.0
kalibracja,M0a,liga,La_Liga,2.3716567170871325,399,1.1876769721222633,3.2794540885367884,66.6666666666667,-0.0006339938531729761,8401002.506265666,156.35630448351586,0.46699438202247173,1.1075504910767457,mediana globalna,1.0,0.0
kalibracja,M0a,liga,Ligue_1,2.3716567170871325,404,1.2280966251588759,3.4147238474109436,75.00000000000003,-0.023152917993118027,6323143.564356436,202.4301496083674,0.6027241940055795,1.4294550486103983,mediana globalna,1.0,0.0
kalibracja,M0a,liga,Premier_League,2.3716567170871325,401,1.515435451157521,4.551402608929404,75.00000000000003,-1.1143433756083554,18886533.665835414,85.21793718552732,0.21583508262016252,0.5118867826894927,mediana globalna,1.0,0.0
kalibracja,M0a,liga,Serie_A,2.3716567170871325,418,1.1588786396778108,3.1863582163496242,66.6666666666667,-0.002883270612032529,7790909.090909094,134.60322232008585,0.4873612536144015,1.1558537244810683,mediana globalna,1.0,0.0
kalibracja,M0b,calosc,wszystko,2.1093851843758995,1982,1.159152798289316,3.187231903652953,64.99999999999999,0.1290574106345117,9140060.544904137,131.32593096078847,0.4930991515805681,1.0401361320270939,mediana w komorce pozycja x liga,1.0,0.0
kalibracja,M0b,znany_z_treningu,False,2.1093851843758995,412,1.097478378449759,2.996600197244766,66.66666666666659,0.17196464958304525,5845388.349514565,170.95060746252167,0.7050153356810176,1.4871490336475817,mediana w komorce pozycja x liga,1.0,0.0
kalibracja,M0b,znany_z_treningu,True,2.1093851843758995,1570,1.1748012337174014,3.2374993741645857,64.99999999999999,0.09140071825905993,10004649.681528663,120.92760821001518,0.45867814342254576,0.9675289604760685,mediana w komorce pozycja x liga,1.0,0.0
kalibracja,M0b,pozycja,DEF,2.1093851843758995,815,1.1498208633360913,3.1576272122180375,61.11111111111109,0.09975792003122141,7258159.509202455,129.17527844770046,0.4835409520370703,1.0199742290881746,mediana w komorce pozycja x liga,1.0,0.0
kalibracja,M0b,pozycja,FOR,2.1093851843758995,505,1.170260715101264,3.2228327701782713,70.0,0.1330035835222808,11555148.514851484,141.11927778815445,0.5278278469176205,1.1133923091191333,mediana w komorce pozycja x liga,1.0,0.0
kalibracja,M0b,pozycja,MID,2.1093851843758995,662,1.1620774123572388,3.1965669709968947,66.66666666666669,0.1121157111878518,9614577.039274925,126.502882094243,0.46995258824804753,0.9913111108117207,mediana w komorce pozycja x liga,1.0,0.0
kalibracja,M0b,liga,Bundesliga,2.1093851843758995,360,1.1781885372298093,3.2484843614057284,66.6666666666667,-0.004216710829333614,8584861.111111112,132.67890085737304,0.47643461841463564,1.0049842252909886,mediana w komorce pozycja x liga,1.0,0.0
kalibracja,M0b,liga,La_Liga,2.1093851843758995,399,1.2012969163619023,3.324425630109684,62.500000000000064,-0.02371556211085024,8300751.879699251,116.03646660684478,0.38506554307116103,0.8122516551832965,mediana w komorce pozycja x liga,1.0,0.0
kalibracja,M0b,liga,Ligue_1,2.1093851843758995,404,1.2016452242586366,3.3255837554891565,70.41666666666669,0.020446860522438604,6276113.861386139,162.1803615114259,0.49083232630652407,1.0353545708543974,mediana w komorce pozycja x liga,1.0,0.0
kalibracja,M0b,liga,Premier_League,2.1093851843758995,401,1.0441706922396965,2.8410414486958357,54.545454545454575,-0.003791774729396735,14791770.573566085,125.0257661152218,0.5725819473599225,1.2077959244909702,mediana w komorce pozycja x liga,1.0,0.0
kalibracja,M0b,liga,Serie_A,2.1093851843758995,418,1.1646637971158156,3.2048452238492513,64.99999999999999,-0.012921110448332218,7765550.239234452,120.97809190592675,0.44585393153623726,0.9404777857125561,mediana w komorce pozycja x liga,1.0,0.0
kalibracja,M0c,calosc,wszystko,1.189704588213283,1428,0.5262680446214554,1.69260378528001,33.33333333333336,0.8123559541300778,5025070.028011205,46.00994130893456,1.0177039272016826,1.210767044670564,"wycena z sezonu t-1, podzbior z pokryciem",0.7204843592330978,0.0
kalibracja,M0c,znany_z_treningu,True,1.189704588213283,1428,0.5262680446214554,1.69260378528001,33.33333333333336,0.8123559541300778,5025070.028011205,46.00994130893456,1.0177039272016826,1.210767044670564,"wycena z sezonu t-1, podzbior z pokryciem",0.7204843592330978,0.0
kalibracja,M0c,pozycja,DEF,1.189704588213283,598,0.5004914684769702,1.6495317643817213,33.33333333333333,0.8270532395176271,3759866.220735785,44.48903109181655,1.0291197407755226,1.224348493686599,"wycena z sezonu t-1, podzbior z pokryciem",0.7204843592330978,0.0
kalibracja,M0c,pozycja,FOR,1.189704588213283,360,0.5928278877087267,1.8090971120702113,40.00000000000027,0.7634813374292098,6849305.555555554,53.67075590093191,1.0362997207713787,1.2328905430724884,"wycena z sezonu t-1, podzbior z pokryciem",0.7204843592330978,0.0
kalibracja,M0c,pozycja,MID,1.189704588213283,470,0.5035657831659558,1.6546107473105243,30.000000000000014,0.8194633067078502,5237553.191489364,42.07719887641863,0.9902614289624965,1.1781185777711507,"wycena z sezonu t-1, podzbior z pokryciem",0.7204843592330978,0.0
kalibracja,M0c,liga,Bundesliga,1.189704588213283,255,0.5374938678316588,1.711711706548345,33.33333333333346,0.7881307721521009,4466666.666666668,46.932918706736466,0.9952562524394272,1.1840609444990189,"wycena z sezonu t-1, podzbior z pokryciem",0.7204843592330978,0.0
kalibracja,M0c,liga,La_Liga,1.189704588213283,298,0.4968353887105463,1.6435119558295375,33.333333333333336,0.8229547705612641,4572147.651006712,45.96848119967937,1.07350420428932,1.2771528925693978,"wycena z sezonu t-1, podzbior z pokryciem",0.7204843592330978,0.0
kalibracja,M0c,liga,Ligue_1,1.189704588213283,256,0.558734519477375,1.7484584595536703,33.33333333333356,0.7806610780787571,3430859.375000001,44.2250408445721,0.9981380856480602,1.1874894786195334,"wycena z sezonu t-1, podzbior z pokryciem",0.7204843592330978,0.0
kalibracja,M0c,liga,Premier_League,1.189704588213283,308,0.5206157540570086,1.6830636839866122,33.333333333333314,0.7524332267362083,8240584.415584412,45.244244183771535,0.9928299678080187,1.181174375789349,"wycena z sezonu t-1, podzbior z pokryciem",0.7204843592330978,0.0
kalibracja,M0c,liga,Serie_A,1.189704588213283,311,0.5223833358363782,1.6860412674738552,33.33333333333331,0.7938599698003999,4044694.5337620596,47.52044005345399,1.0473257608408526,1.2460082794313312,"wycena z sezonu t-1, podzbior z pokryciem",0.7204843592330978,0.0
kalibracja,M0c_pelny,calosc,wszystko,1.189704588213283,1982,0.7413155960883797,2.0986947336697366,40.00000000000016,0.6437831766421235,5170635.721493441,84.31870104186562,0.9725116866006873,1.1570016305604112,"wycena z sezonu t-1, braki uzupelnione M0b",1.0,0.2795156407669021
kalibracja,M0c_pelny,znany_z_treningu,False,1.189704588213283,412,1.097478378449759,2.996600197244766,66.66666666666659,0.17196464958304525,5845388.349514565,170.95060746252167,0.7050153356810176,0.8387600018169273,"wycena z sezonu t-1, braki uzupelnione M0b",1.0,0.2795156407669021
kalibracja,M0c_pelny,znany_z_treningu,True,1.189704588213283,1570,0.6145625161452929,1.8488475816383103,33.33333333333356,0.7513572862518556,4993566.878980892,61.58472305122211,1.015960440249832,1.2086928109471313,"wycena z sezonu t-1, braki uzupelnione M0b",1.0,0.2795156407669021
kalibracja,M0c_pelny,pozycja,DEF,1.189704588213283,815,0.7017069268237954,2.0171929712873475,40.00000000000001,0.6647178232692693,3847914.110429448,78.70118762585018,0.9814346753324906,1.1676173548832403,"wycena z sezonu t-1, braki uzupelnione M0b",1.0,0.2795156407669021
kalibracja,M0c_pelny,pozycja,FOR,1.189704588213283,505,0.8053605471701467,2.2375030788094423,49.999999999999936,0.5893869468880787,7235940.594059406,93.75394630243734,0.9804802126075803,1.166481819378599,"wycena z sezonu t-1, braki uzupelnione M0b",1.0,0.2795156407669021
kalibracja,M0c_pelny,pozycja,MID,1.189704588213283,662,0.7378010274686742,2.091331673585558,37.500000000000014,0.6420974744193839,5223564.954682781,84.03694058486238,0.9566618931609547,1.1381450579925456,"wycena z sezonu t-1, braki uzupelnione M0b",1.0,0.2795156407669021
kalibracja,M0c_pelny,liga,Bundesliga,1.189704588213283,360,0.7654502527728066,2.1499621831940434,42.85714285714286,0.5761308592723717,4606250.000000001,86.37860267304711,0.9688504295414472,1.1526458183979014,"wycena z sezonu t-1, braki uzupelnione M0b",1.0,0.2795156407669021
kalibracja,M0c_pelny,liga,La_Liga,1.189704588213283,399,0.6932335548129166,2.000172755966669,39.99999999999998,0.6590915764042091,4461278.195488722,79.0750665497459,1.0292251872659177,1.2244739453131332,"wycena z sezonu t-1, braki uzupelnione M0b",1.0,0.2795156407669021
kalibracja,M0c_pelny,liga,Ligue_1,1.189704588213283,404,0.8456711393144948,2.329540736415347,43.54166666666675,0.5148472580639925,3518688.1188118826,108.59304607658571,0.961016873293649,1.1433262063757466,"wycena z sezonu t-1, braki uzupelnione M0b",1.0,0.2795156407669021
kalibracja,M0c_pelny,liga,Premier_League,1.189704588213283,401,0.6648022769960614,1.944106088836649,36.36363636363654,0.5931019293109757,8999999.999999998,68.16960067159694,0.9428386888422412,1.1216995222495916,"wycena z sezonu t-1, braki uzupelnione M0b",1.0,0.2795156407669021
kalibracja,M0c_pelny,liga,Serie_A,1.189704588213283,418,0.7260973302627762,2.0669980354479542,39.99999999999997,0.6063011461089453,4256818.181818183,79.58090063416525,0.992689581195784,1.1810073679110797,"wycena z sezonu t-1, braki uzupelnione M0b",1.0,0.2795156407669021
test,M0a,calosc,wszystko,2.3716567170871325,1957,1.2675618057015838,3.5521810876064728,72.2222222222222,-0.048188114437283325,10833750.638732756,122.03763815909379,0.3676173623595135,0.8718622876067595,mediana globalna,1.0,0.0
test,M0a,znany_z_treningu,False,2.3716567170871325,662,1.170867693195542,3.2247895528733292,66.6666666666667,-0.010856560077629362,8188595.166163145,126.55562413669242,0.46396557403474814,1.1003671974369968,mediana globalna,1.0,0.0
test,M0a,znany_z_treningu,True,2.3716567170871325,1295,1.3142464940173118,3.72194542023756,75.00000000000003,-0.07572057135475685,12185945.945945948,119.72805768251438,0.332337603679067,0.7881908012767217,mediana globalna,1.0,0.0
test,M0a,pozycja,DEF,2.3716567170871325,813,1.1957511370432101,3.3060401272958377,72.2222222222222,-0.005930347300943994,8255719.557195573,135.58379980667405,0.46825863081867497,1.1105488555731533,mediana globalna,1.0,0.0
test,M0a,pozycja,FOR,2.3716567170871325,509,1.3691221125024033,3.931897416313343,75.00000000000003,-0.12118134275270354,14040667.976424363,113.06031521466386,0.2927541900083972,0.6943125215004682,mediana globalna,1.0,0.0
test,M0a,pozycja,MID,2.3716567170871325,635,1.272219694075201,3.568765344419695,70.58823529411761,-0.08664926454393895,11563858.267716536,111.8902806145773,0.34350504979470825,0.8146761529331715,mediana globalna,1.0,0.0
test,M0a,liga,Bundesliga,2.3716567170871325,347,1.2126016874337846,3.3622207307737053,70.58823529411761,-0.013358860577233012,8940201.729106631,131.3948368431626,0.4320488078192116,1.0246715756984506,mediana globalna,1.0,0.0
test,M0a,liga,La_Liga,2.3716567170871325,424,1.2075256738168323,3.3451972947097497,79.99999999999997,-0.0007986765275651564,9110966.981132075,134.36015733480355,0.4517414419501592,1.0713757491145586,mediana globalna,1.0,0.0
test,M0a,liga,Ligue_1,2.3716567170871325,360,1.120586616388137,3.0666526244359895,66.66666666666659,-0.0006754820717469467,6986250.000000003,133.35918769179426,0.5261696312427833,1.247893884609028,mediana globalna,1.0,0.0
test,M0a,liga,Premier_League,2.3716567170871325,402,1.5960061566428225,4.933290238589817,77.27272727272728,-0.8676903736386927,20739552.238805976,99.70569466612417,0.20112670982719108,0.47700356752265266,mediana globalna,1.0,0.0
test,M0a,liga,Serie_A,2.3716567170871325,424,1.1283434322120385,3.0905325805158594,66.6666666666667,-0.011148701633850733,7981132.075471699,113.6177970707182,0.4717400979083221,1.1188057013367085,mediana globalna,1.0,0.0
test,M0b,calosc,wszystko,2.1093851843758995,1957,1.172384975854577,3.2296861839882833,66.66666666666659,0.10331185002329835,9982498.722534493,122.59970900012989,0.4602073459604355,0.9707546388757476,mediana w komorce pozycja x liga,1.0,0.0
test,M0b,znany_z_treningu,False,2.1093851843758995,662,1.1017968555607591,3.009568929038342,62.85714285714283,0.10488889533447132,7558685.800604233,126.82517966416546,0.5570390305782748,1.1750099811642332,mediana w komorce pozycja x liga,1.0,0.0
test,M0b,znany_z_treningu,True,2.1093851843758995,1295,1.2068757535794474,3.3430238896363464,66.6666666666666,0.09286704586820771,11221544.401544403,120.4396614483217,0.424750554323725,0.8959626000839986,mediana w komorce pozycja x liga,1.0,0.0
test,M0b,pozycja,DEF,2.1093851843758995,813,1.1647346606492675,3.20507233855296,64.99999999999999,0.045578301283321965,7813653.136531366,122.53973748016256,0.47067767909596697,0.9928406267973041,mediana w komorce pozycja x liga,1.0,0.0
test,M0b,pozycja,FOR,2.1093851843758995,509,1.1929416702648195,3.2967649526385308,70.00000000000001,0.14880334007613494,12594695.481335957,133.59486081405922,0.47829937998228506,1.008917690786243,mediana w komorce pozycja x liga,1.0,0.0
test,M0b,pozycja,MID,2.1093851843758995,635,1.165505457591728,3.2075437508680484,62.85714285714283,0.08800221203106962,10665433.070866141,113.86305478350532,0.4333573155756551,0.9141175772320805,mediana w komorce pozycja x liga,1.0,0.0
test,M0b,liga,Bundesliga,2.1093851843758995,347,1.2052459808735523,3.337579957936506,72.2222222222222,-0.0011019712715090169,8922910.66282421,136.3926522415544,0.45246840565274216,0.9544302471437879,mediana w komorce pozycja x liga,1.0,0.0
test,M0b,liga,La_Liga,2.1093851843758995,424,1.2294947482030993,3.4195013905299922,66.66666666666666,-0.03754593158284014,9049646.226415094,109.93082952163142,0.3735390319521836,0.7879378000171045,mediana w komorce pozycja x liga,1.0,0.0
test,M0b,liga,Ligue_1,2.1093851843758995,360,1.1363496548779886,3.11537538833634,61.80555555555556,-0.029026041225566956,7043472.222222225,108.01297858848733,0.43116678115728074,0.9094969369131728,mediana w komorce pozycja x liga,1.0,0.0
test,M0b,liga,Premier_League,2.1093851843758995,402,1.1432292293537607,3.136881737784802,62.50000000000012,0.04169799874124824,16645024.875621894,155.53682605901187,0.5242302650669921,1.1058035989591621,mediana w komorce pozycja x liga,1.0,0.0
test,M0b,liga,Serie_A,2.1093851843758995,424,1.1436878257383367,3.138320630318832,66.6666666666667,-0.03883701157952246,7961084.90566038,105.13733986010583,0.4373609256786827,0.9225627615198372,mediana w komorce pozycja x liga,1.0,0.0
test,M0c,calosc,wszystko,1.189704588213283,1402,0.5324873151463934,1.7031633484658626,33.33333333333314,0.8098384123998132,4809522.111269614,44.7171703380275,0.9835102099414298,1.1700866212542391,"wycena z sezonu t-1, podzbior z pokryciem",0.7164026571282576,0.0
test,M0c,znany_z_treningu,False,1.189704588213283,252,0.6712256570109463,1.9566340137708687,33.33333333333331,0.6114458251919395,5478968.253968256,38.49400554948272,0.7851057618301973,0.934043939769657,"wycena z sezonu t-1, podzbior z pokryciem",0.7164026571282576,0.0
test,M0c,znany_z_treningu,True,1.189704588213283,1150,0.49693833417403993,1.643681156638666,32.57575757575736,0.8418525926722027,4662826.08695652,46.08085514386516,1.0238720632341072,1.2181053031516813,"wycena z sezonu t-1, podzbior z pokryciem",0.7164026571282576,0.0
test,M0c,pozycja,DEF,1.189704588213283,596,0.5097816685805576,1.6649276492436775,28.991596638655455,0.8165556478493718,3615352.348993288,41.43545497515495,1.007254483435482,1.1983352959613744,"wycena z sezonu t-1, podzbior z pokryciem",0.7164026571282576,0.0
test,M0c,pozycja,FOR,1.189704588213283,351,0.5940869252268831,1.8113762676784344,33.33333333333347,0.7877409729647855,6358689.458689459,52.78453019910643,0.978714471640287,1.1643811067795635,"wycena z sezonu t-1, podzbior z pokryciem",0.7164026571282576,0.0
test,M0c,pozycja,MID,1.189704588213283,455,0.5108887683232566,1.666771910918209,33.33333333333325,0.8070416738410413,5178681.318681316,42.792464942496416,0.9658594933004188,1.1490874817323087,"wycena z sezonu t-1, podzbior z pokryciem",0.7164026571282576,0.0
test,M0c,liga,Bundesliga,1.189704588213283,255,0.5681601602294597,1.7650167143541533,33.33333333333356,0.753432609308905,4658431.372549019,46.51246564533761,0.9775610050736893,1.163008827603964,"wycena z sezonu t-1, podzbior z pokryciem",0.7164026571282576,0.0
test,M0c,liga,La_Liga,1.189704588213283,298,0.6551152172581227,1.9253643397973503,49.99999999999992,0.7088992030807773,4837416.107382549,65.75235605185271,1.0581266296717262,1.2588581213496408,"wycena z sezonu t-1, podzbior z pokryciem",0.7164026571282576,0.0
test,M0c,liga,Ligue_1,1.189704588213283,231,0.4807988653567301,1.6173659438619647,24.999999999999986,0.8123959212237349,3482683.982683983,34.2981934589455,0.9804002553223443,1.1663866984964002,"wycena z sezonu t-1, podzbior z pokryciem",0.7164026571282576,0.0
test,M0c,liga,Premier_League,1.189704588213283,304,0.3782835259459609,1.4597767687970964,20.00000000000012,0.8763867816517238,6778618.42105263,27.346833196412334,0.9395120509994205,1.1177418043090395,"wycena z sezonu t-1, podzbior z pokryciem",0.7164026571282576,0.0
test,M0c,liga,Serie_A,1.189704588213283,314,0.5366068881522577,1.7101941261786127,33.33333333333338,0.7665054246817951,3975477.707006369,47.77793627444461,1.0195725295971607,1.2129901322544419,"wycena z sezonu t-1, podzbior z pokryciem",0.7164026571282576,0.0
test,M0c_pelny,calosc,wszystko,1.189704588213283,1957,0.7608286804838795,2.1400489026620018,40.00000000000001,0.6223628660085416,5133699.540112417,82.23826107545834,0.948347600343385,1.128253505297322,"wycena z sezonu t-1, braki uzupelnione M0b",1.0,0.2835973428717425
test,M0c_pelny,znany_z_treningu,False,1.189704588213283,662,0.9807466580861591,2.6664464226274665,49.999999999999986,0.2907692423465319,5848867.069486407,114.1488333409661,0.7477695310583601,0.8896248596295055,"wycena z sezonu t-1, braki uzupelnione M0b",1.0,0.2835973428717425
test,M0c_pelny,znany_z_treningu,True,1.189704588213283,1295,0.6189264570085903,1.8569334734944811,33.3333333333334,0.7614255589501747,4768108.108108107,65.92567509880496,1.0217931345980125,1.215631993045282,"wycena z sezonu t-1, braki uzupelnione M0b",1.0,0.2835973428717425
test,M0c_pelny,pozycja,DEF,1.189704588213283,813,0.7163844971167276,2.0470188129121656,37.50000000000007,0.638940594126769,3951168.5116851167,73.15999753118841,0.970095955581666,1.1541276271288194,"wycena z sezonu t-1, braki uzupelnione M0b",1.0,0.2835973428717425
test,M0c_pelny,pozycja,FOR,1.189704588213283,509,0.8247607680785531,2.281334931902294,49.99999999999979,0.5931376703418281,6722593.320235756,92.8400668396654,0.9361347244429619,1.1137237879629318,"wycena z sezonu t-1, braki uzupelnione M0b",1.0,0.2835973428717425
test,M0c_pelny,pozycja,MID,1.189704588213283,635,0.7626675614720391,2.143987818391515,39.99999999999997,0.6094868058240026,5374094.4881889755,85.36315733925375,0.9394078730275507,1.117617869777455,"wycena z sezonu t-1, braki uzupelnione M0b",1.0,0.2835973428717425
test,M0c_pelny,liga,Bundesliga,1.189704588213283,347,0.8156977638996887,2.260752593672328,42.85714285714285,0.541451289770412,5162391.930835733,88.95870585982027,0.925829546161987,1.1014636753646656,"wycena z sezonu t-1, braki uzupelnione M0b",1.0,0.2835973428717425
test,M0c_pelny,liga,La_Liga,1.189704588213283,424,0.8359051623600031,2.306901223684127,55.7777777777777,0.5204123504735813,5216627.358490566,89.12776053872754,0.9553905326074218,1.136632517318067,"wycena z sezonu t-1, braki uzupelnione M0b",1.0,0.2835973428717425
test,M0c_pelny,liga,Ligue_1,1.189704588213283,360,0.729329596539532,2.0736899326627434,39.99999999999998,0.5761130247112363,3725972.222222222,71.08747726666819,0.9198029787047455,1.0942938439806393,"wycena z sezonu t-1, braki uzupelnione M0b",1.0,0.2835973428717425
test,M0c_pelny,liga,Premier_League,1.189704588213283,402,0.6999605874870857,2.013673341979894,26.666666666666337,0.6407614541939697,7271393.034825871,89.96198960865556,0.9525801254790516,1.1332889535541446,"wycena z sezonu t-1, braki uzupelnione M0b",1.0,0.2835973428717425
test,M0c_pelny,liga,Serie_A,1.189704588213283,424,0.7157829399606296,2.045787784400719,40.00000000000027,0.5930930532829353,4195754.7169811325,71.99345255710801,0.9734312416555407,1.158095632406002,"wycena z sezonu t-1, braki uzupelnione M0b",1.0,0.2835973428717425
