model,analiza,grupa,n,srednia_reszty,odchylenie_reszty,srednia_predykcji
M1,decyl_predykcji,0,199,0.08895605975495613,0.680038127418537,13.85469130249834
M1,decyl_predykcji,1,198,0.11975983795138949,0.7149655973288385,14.536934885918589
M1,decyl_predykcji,2,198,-0.008023133306598604,0.6906250945010601,14.88106935672536
M1,decyl_predykcji,3,198,-0.050349828564155194,0.8039515592440736,15.126011414434357
M1,decyl_predykcji,4,198,0.020295580695582294,0.7615943622375888,15.39416817996808
M1,decyl_predykcji,5,198,0.0771482195815699,0.7464405118921611,15.66288028776411
M1,decyl_predykcji,6,198,0.16418945146335776,0.6422146393899844,15.908315423107549
M1,decyl_predykcji,7,198,0.22027435919005983,0.595150788614169,16.202738215775373
M1,decyl_predykcji,8,198,0.15548944812548335,0.6888606744924702,16.61785093332721
M1,decyl_predykcji,9,199,0.06846380406943745,0.49259224200114093,17.43172259623102
M1,decyl_prawdy,0,202,-0.7546391908434927,0.767826057260938,14.259498028513908
M1,decyl_prawdy,1,224,-0.31153806160708697,0.5503226390312685,14.685479288498318
M1,decyl_prawdy,2,224,-0.16913471225016877,0.5295419072269946,14.988451081415977
M1,decyl_prawdy,3,148,-0.0439336924198828,0.4651370560221249,15.18728802741503
M1,decyl_prawdy,4,210,0.09229812522389301,0.5253092802948219,15.397053464386842
M1,decyl_prawdy,5,201,0.2752196748010986,0.5089514906297201,15.591890085079783
M1,decyl_prawdy,6,186,0.33704130899474466,0.5393630931936084,15.874415423817135
M1,decyl_prawdy,7,238,0.43451450362920535,0.5222565824919138,16.202654688182555
M1,decyl_prawdy,8,154,0.5516096694556953,0.5789282512674416,16.509094412011084
M1,decyl_prawdy,9,195,0.566882005465043,0.5694192756519221,17.177475776870647
M1,pozycja,DEF,815,0.07520230474615913,0.7098836883641444,15.387755102603418
M1,pozycja,FOR,505,0.09425530946818242,0.690699683615989,15.783400381952582
M1,pozycja,MID,662,0.09183831179541829,0.6680092156014787,15.606786354002097
M1,liga,Bundesliga,360,0.08932302283385377,0.6128324747391904,15.436553377792986
M1,liga,La_Liga,399,0.055734557634814684,0.7417882831681356,15.399109434605974
M1,liga,Ligue_1,404,-0.10615853060369732,0.7074027344098043,15.346365417889158
M1,liga,Premier_League,401,0.2693264032362337,0.6181738156128059,16.255790753743987
M1,liga,Serie_A,418,0.12004677992297681,0.7050358705137857,15.367039632453134
M2,decyl_predykcji,0,199,0.013849713252737459,0.723634712756221,13.98910555337866
M2,decyl_predykcji,1,198,-0.07436153870373051,0.7676172968341117,14.578203590196555
M2,decyl_predykcji,2,198,0.011503756316237788,0.6642670139819368,14.879691879822945
M2,decyl_predykcji,3,198,-0.06404388731657354,0.7581293168998813,15.172583817922787
M2,decyl_predykcji,4,198,0.052896787777565665,0.7268343227140163,15.448497629241883
M2,decyl_predykcji,5,198,0.04065074212556954,0.7251402495221987,15.68463808721096
M2,decyl_predykcji,6,198,0.15037462890931302,0.6788856764877075,15.937629375266216
M2,decyl_predykcji,7,198,0.19785188637518145,0.6467707173790889,16.214439270600455
M2,decyl_predykcji,8,198,0.3280846541651447,0.6003665193423048,16.52870830685014
M2,decyl_predykcji,9,199,0.2768878937371336,0.6677142805019866,17.105688701625134
M2,decyl_prawdy,0,202,-0.8089295918805657,0.7124771099111092,14.313788429550984
M2,decyl_prawdy,1,224,-0.3810755788014977,0.4642887486509114,14.75501680569273
M2,decyl_prawdy,2,224,-0.23365576602685406,0.5442672308685428,15.052972135192663
M2,decyl_prawdy,3,148,-0.08518160492804186,0.4449834355257847,15.228535939923189
M2,decyl_prawdy,4,210,0.05708380335581551,0.5391418805117666,15.432267786254917
M2,decyl_prawdy,5,201,0.21113180881127908,0.528970292033432,15.655977951069605
M2,decyl_prawdy,6,186,0.31253207494311164,0.4972453144916241,15.898924657868765
M2,decyl_prawdy,7,238,0.4773543903679741,0.4915186964025014,16.159814801443787
M2,decyl_prawdy,8,154,0.6845030887145865,0.4831301887656271,16.376200992752196
M2,decyl_prawdy,9,195,0.8579121702942182,0.43934818345055476,16.88644561204147
M2,pozycja,DEF,815,0.051906288506443084,0.7103645703913285,15.411051118843135
M2,pozycja,FOR,505,0.13131062804399907,0.7097961005253002,15.746345063376767
M2,pozycja,MID,662,0.11562958212455872,0.7072547509588574,15.582995083672957
M2,liga,Bundesliga,360,0.10994605176090846,0.6277823187183532,15.415930348865933
M2,liga,La_Liga,399,0.12464779819584362,0.7110502879656893,15.330196194044946
M2,liga,Ligue_1,404,-0.31363803350117186,0.692666624332972,15.553844920786636
M2,liga,Premier_League,401,0.4897255233300769,0.5265414811812748,16.035391633650146
M2,liga,Serie_A,418,0.06262453642696761,0.7252392446660891,15.424461875949142
M3,decyl_predykcji,0,199,0.0269265025568518,0.6257787000177746,13.856666564941406
M3,decyl_predykcji,1,198,0.05136577083656531,0.7430422672306041,14.506308555603027
M3,decyl_predykcji,2,198,0.06805614288176992,0.6866903751854849,14.820791244506836
M3,decyl_predykcji,3,198,-0.03699355998396149,0.7217118939589062,15.101202011108398
M3,decyl_predykcji,4,198,0.03598927968424903,0.6438748968857082,15.39724349975586
M3,decyl_predykcji,5,198,0.10387158896330038,0.6464805542442107,15.69297981262207
M3,decyl_predykcji,6,198,0.08425999693636435,0.644986159285915,15.997889518737793
M3,decyl_predykcji,7,198,0.1589924789463113,0.5839215940079389,16.306108474731445
M3,decyl_predykcji,8,198,0.09790167826402982,0.6091501954008526,16.676963806152344
M3,decyl_predykcji,9,199,0.167130565329924,0.4486587720037757,17.35910415649414
M3,decyl_prawdy,0,202,-0.6597683413904153,0.6897871059823649,14.164627075195312
M3,decyl_prawdy,1,224,-0.278090577942862,0.4631333590862588,14.652031898498535
M3,decyl_prawdy,2,224,-0.1380729301928305,0.5282212710769214,14.957388877868652
M3,decyl_prawdy,3,148,-0.07558903535999434,0.4682158450398761,15.218942642211914
M3,decyl_prawdy,4,210,0.07358183093211766,0.5430584440395138,15.415769577026367
M3,decyl_prawdy,5,201,0.20408298340103867,0.5398055758292445,15.6630277633667
M3,decyl_prawdy,6,186,0.27479128500251515,0.5291611122588791,15.936665534973145
M3,decyl_prawdy,7,238,0.3622034727971038,0.49801764215408356,16.274965286254883
M3,decyl_prawdy,8,154,0.5243268682487865,0.5241200982511021,16.536378860473633
M3,decyl_prawdy,9,195,0.5811556188350253,0.47361743395688216,17.16320037841797
M3,pozycja,DEF,815,0.051983832717061425,0.6587172986880448,15.41097354888916
M3,pozycja,FOR,505,0.0817515979711059,0.6317064548969971,15.795904159545898
M3,pozycja,MID,662,0.100495112420428,0.6299238420163541,15.598130226135254
M3,liga,Bundesliga,360,0.08423432551206035,0.5707308515110608,15.441641807556152
M3,liga,La_Liga,399,0.04934504303213496,0.6789885892974866,15.405498504638672
M3,liga,Ligue_1,404,-0.1545051595360554,0.6568623640060615,15.394712448120117
M3,liga,Premier_League,401,0.31658572258098977,0.5149348620749108,16.208532333374023
M3,liga,Serie_A,418,0.08525197465445636,0.6774758917580317,15.401834487915039
