zbior,model,os,grupa,duan,n,rmsle,krotnosc,mdape,r2_log,mae_eur,mape,agregat,agregat_po_korekcie
kalibracja,M1,calosc,wszystko,1.2720281202168178,1982,0.6965797882008558,2.006877011570519,40.396299214635285,0.6854788245362995,5567006.882477602,70.37204458720325,0.7877403275712603,1.002027869494848
kalibracja,M1,znany_z_treningu,False,1.2720281202168178,412,0.7760278051590771,2.172824219851698,54.12214531052937,0.5859893653624677,4606679.3892834,104.19645106414438,1.0301578733685706,1.3103898150163813
kalibracja,M1,znany_z_treningu,True,1.2720281202168178,1570,0.6741819718019744,1.9624269985706067,37.89856323116996,0.7007750030755274,5819016.390245762,61.49583091299957,0.7483650606139157,0.9519414209893897
kalibracja,M1,pozycja,DEF,1.2720281202168178,815,0.7138558941723574,2.0418492537503545,40.67514350725296,0.653007538601544,4653832.277442557,72.89727269384744,0.7269850532551151,0.9247454574016954
kalibracja,M1,pozycja,FOR,1.2720281202168178,505,0.697101223862195,2.0079237416897633,38.567962968453024,0.6923593358534406,6608690.858216129,83.24560388527615,0.8609623881072095,1.0951683850234772
kalibracja,M1,pozycja,MID,1.2720281202168178,662,0.6742926572653267,1.9626442227337955,40.94871528158763,0.7010606316490328,5896594.33769755,57.44272683426993,0.7774320560566155,0.9889154574108066
kalibracja,M1,liga,Bundesliga,1.2720281202168178,360,0.6193078753763249,1.8576418771194223,37.288365025085234,0.722533175883582,4963938.50165006,50.894701784643715,0.7405812764002846,0.942040233379247
kalibracja,M1,liga,La_Liga,1.2720281202168178,399,0.7438791554817749,2.1040817643043743,41.2902098639806,0.6074605049659767,5059107.86061066,85.67663886804368,0.7621707462088423,0.9695026469914034
kalibracja,M1,liga,Ligue_1,1.2720281202168178,404,0.7153238862713898,2.0448488734926342,41.48744658526738,0.652878969783714,3629284.9904909856,102.81203389289718,0.9229369445724459,1.1740017794747275
kalibracja,M1,liga,Premier_League,1.2720281202168178,401,0.6742963575383317,1.9626514850666674,36.93059692536873,0.5813970722899064,9062819.461461274,48.22172379588671,0.8312315145680002,1.057349872683554
kalibracja,M1,liga,Serie_A,1.2720281202168178,418,0.7151830591401107,2.044560923567938,41.669091352500985,0.618047895029544,5090392.353800484,62.43384661754696,0.6573141257430726,0.8361220782761147
test,M1,calosc,wszystko,1.2720281202168178,1957,0.687141202309913,1.9880240431675449,39.92260811213186,0.6919700660313508,6453696.300947212,61.20734845157099,0.859176290989163,1.0928964223622546
test,M1,znany_z_treningu,False,1.2720281202168178,662,0.7257889584625933,2.066360729811382,43.76247328748886,0.6115862446933443,5551808.474869878,81.16368757623422,1.0255288623570882,1.304501576254515
test,M1,znany_z_treningu,True,1.2720281202168178,1295,0.6665195546450344,1.9474475270376392,39.05861442735678,0.7233239221492614,6914738.571884042,51.00572953224507,0.798263083865873,1.015413108089421
test,M1,pozycja,DEF,1.2720281202168178,813,0.67452730966975,1.9631048159572277,38.02580050898684,0.6799002163031371,4741183.889923721,55.464745989068675,0.7562584674772181,0.9619820622590003
test,M1,pozycja,FOR,1.2720281202168178,509,0.685314317643736,1.9843954680304294,39.6105488143147,0.7190874751941381,8718307.650823517,61.575202857145385,0.9516280960539459,1.2104977140964843
test,M1,pozycja,MID,1.2720281202168178,635,0.7043887053923457,2.0226098964167214,42.391012156523125,0.666888267516087,6830996.164057543,68.26482547452693,0.8688840834926244,1.105245006100042
test,M1,liga,Bundesliga,1.2720281202168178,347,0.6007902418814409,1.8235592840698418,36.93130409497875,0.7512445107280596,4870931.246230294,56.00218508652198,0.9211640483085545,1.1717465962871296
test,M1,liga,La_Liga,1.2720281202168178,424,0.7232831000358984,2.061189204625117,41.473840850745844,0.6409370363881219,5408234.589634554,70.88877601067172,0.7734941667931587,0.9839063555618505
test,M1,liga,Ligue_1,1.2720281202168178,360,0.722891816284874,2.060382852548081,43.02311612081213,0.5835632838915223,4602288.855558302,66.64590344808443,0.7012561891663052,0.8920176207222111
test,M1,liga,Premier_League,1.2720281202168178,402,0.7101127692830255,2.0342206433161976,39.10239693594021,0.6302651393655823,11976999.713367686,64.5075208910932,1.0172934206069795,1.294025848466057
test,M1,liga,Serie_A,1.2720281202168178,424,0.6625500583835907,1.9397324639472069,38.236485530790404,0.651365941966695,5129719.763518708,48.039228836430745,0.6618545736682074,0.8418976548653877
kalibracja,M2,calosc,wszystko,1.1640436018791034,1982,0.7161749236581169,2.046589857050154,44.3554953651653,0.6675346623168086,6310592.852185233,71.38115047297084,0.6660468298590365,0.7753075637515332
kalibracja,M2,znany_z_treningu,False,1.1640436018791034,412,0.7857733508502407,2.194103096282038,50.568440247068125,0.5755255797227872,4547434.915689112,93.26355915429657,0.7650010548209486,0.8904946024891047
kalibracja,M2,znany_z_treningu,True,1.1640436018791034,1570,0.6967602665974245,2.007239242202097,42.60568748260077,0.6803973625097719,6773281.431698863,65.63876042411337,0.6499739461425658,0.7565980252756751
kalibracja,M2,pozycja,DEF,1.1640436018791034,815,0.7122584402123787,2.0385900974434215,43.47478973642383,0.6545587880336308,4940136.146298339,72.77096838626983,0.6997902851576824,0.8145864201863701
kalibracja,M2,pozycja,FOR,1.1640436018791034,505,0.7218399998325332,2.0582168472853266,43.46371695895969,0.6701367463634063,7811980.920237182,81.63747937217069,0.6515961055090286,0.7584862878197423
kalibracja,M2,pozycja,MID,1.1640436018791034,662,0.7166446002142034,2.047551318096117,46.19180669590543,0.662328880680138,6852467.838486719,61.846184168688936,0.6474578779285673,0.7536692126807094
kalibracja,M2,liga,Bundesliga,1.1640436018791034,360,0.6373372529463538,1.891437747702936,41.87772658241686,0.7061427120606134,5284368.039573372,50.614323147158636,0.6887027349348351,0.8016800269671823
kalibracja,M2,liga,La_Liga,1.1640436018791034,399,0.7218930569074353,2.058326053147804,40.256000934545504,0.6303214003256192,5318609.2915957365,71.2238726506915,0.6544944184050051,0.7618600555314193
kalibracja,M2,liga,Ligue_1,1.1640436018791034,404,0.7603656150322137,2.13905814935982,52.017038529860926,0.6077884221597609,4067318.9864618555,118.50297916140886,0.9982412935211225,1.161996410629392
kalibracja,M2,liga,Premier_League,1.1640436018791034,401,0.7190806767015008,2.0525453902197404,45.798502614775536,0.523946381042057,11644869.86433028,45.86426514060197,0.5230060298421125,0.6088018298631753
kalibracja,M2,liga,Serie_A,1.1640436018791034,418,0.72793804308233,2.0708062891051915,44.61577902421609,0.6043025019456318,5192123.792610015,68.35211678046556,0.7066698535038018,0.8225945376016429
test,M2,calosc,wszystko,1.1640436018791034,1957,0.7133672275364623,2.0408517138965925,44.89377790559449,0.6680082823216306,6800541.235742209,61.25837455469826,0.6607105202677654,0.7690958658729611
test,M2,znany_z_treningu,False,1.1640436018791034,662,0.7573007104359688,2.1325121767212343,48.34463765249164,0.5771263578553192,5436145.117448389,74.94588500614213,0.7324775974678133,0.8526358760743021
test,M2,znany_z_treningu,True,1.1640436018791034,1295,0.689828651926618,1.9933739431938235,43.76861262073126,0.703634069254256,7498016.317063064,54.26136148994474,0.634431618762534,0.7385060775539015
test,M2,pozycja,DEF,1.1640436018791034,813,0.6819525717899476,1.9777356353979534,42.808129402092085,0.6728140481869143,5154489.447308552,58.059888904466604,0.7003023285956149,0.8151824603457294
test,M2,pozycja,FOR,1.1640436018791034,509,0.7263840881000034,2.0675908483269594,45.31568176265869,0.6844093434251772,8350281.643674802,61.618986598872795,0.6388563232348765,0.7436566251864566
test,M2,pozycja,MID,1.1640436018791034,635,0.7416138676374415,2.0993208079643897,45.78283626263076,0.6307497088786196,7665773.104023896,65.06438605572741,0.6440799687437516,0.7497371779846181
test,M2,liga,Bundesliga,1.1640436018791034,347,0.6600625865072755,1.9349134300859834,43.8243268217,0.6997402169432059,5156977.5052746665,60.98432738654538,0.7985906295711565,0.9295943270478781
test,M2,liga,La_Liga,1.1640436018791034,424,0.745412740799197,2.1073110287481307,43.16113840299195,0.6186290585290559,6063894.250842106,63.29285623689335,0.6343850031246057,0.738451818836311
test,M2,liga,Ligue_1,1.1640436018791034,360,0.6741609265517268,1.962385699237908,40.55807423227181,0.6378157569344494,4360462.906081906,70.31217156306667,0.8291596131337818,0.9651779598678837
test,M2,liga,Premier_League,1.1640436018791034,402,0.7738674503102699,2.1681352152932867,48.87245981374451,0.5608944604081201,12731737.205593627,58.821660291860034,0.5470603519087578,0.6368021090798305
test,M2,liga,Serie_A,1.1640436018791034,424,0.694938541919469,2.0035859336115713,45.160301697297896,0.6164471489716595,5330593.9594858885,54.071266877214065,0.6895004735457605,0.8026086302007435
kalibracja,M3,calosc,wszystko,1.0504503613697274,1982,0.6471643733345747,1.9101167643061683,38.67259099702377,0.7285203037489325,5267184.799675427,62.97537153521614,0.7627064827001362,0.8011853043393842
kalibracja,M3,znany_z_treningu,False,1.0504503613697274,412,0.7167942947364694,2.047857848254865,47.737690567121106,0.6467794096107224,3986943.1419547494,81.17212060529717,0.8471598908243803,0.889899419357382
kalibracja,M3,znany_z_treningu,True,1.0504503613697274,1570,0.6276137743120295,1.87313551804456,36.26065982328001,0.7406844654553066,5603146.304758815,58.20017369007385,0.7489889298744422,0.7867756957022316
kalibracja,M3,pozycja,DEF,1.0504503613697274,815,0.6607653126903911,1.936273622280727,39.33609198028763,0.702701024397092,4338124.337717162,63.408915016372326,0.7618017553226809,0.8002349341195957
kalibracja,M3,pozycja,FOR,1.0504503613697274,505,0.6369743863997681,1.8907515327291038,35.83039850436297,0.7431402898848739,6104196.772394407,75.26535730653741,0.7972980471544027,0.8375220248873819
kalibracja,M3,pozycja,MID,1.0504503613697274,662,0.6378897352685957,1.8924830223434554,40.55111393248957,0.7324669264271869,5772461.582565007,53.066337167150415,0.7314830539437237,0.7683866421620015
kalibracja,M3,liga,Bundesliga,1.0504503613697274,360,0.5769134479807282,1.780534229097294,36.404831168906625,0.759220680339364,4415121.634114707,44.670094645127186,0.7754016379290234,0.8145209353115138
kalibracja,M3,liga,La_Liga,1.0504503613697274,399,0.6807792870439245,1.9754165490856095,36.572012513428284,0.6712307066568417,4615442.074315036,69.27329132129168,0.8054510783813468,0.8460863810633293
kalibracja,M3,liga,Ligue_1,1.0504503613697274,404,0.6747888629570686,1.963618339629167,41.45106060195769,0.6911047118422748,3604119.7947266926,98.40152759664332,0.9290278442129343,0.9758976407575463
kalibracja,M3,liga,Premier_League,1.0504503613697274,401,0.6044703730723573,1.8302825851967153,38.524525699439955,0.6636041159590034,8916502.831203273,41.295212107326336,0.6807300461768776,0.7150731251795238
kalibracja,M3,liga,Serie_A,1.0504503613697274,418,0.6828187776385652,1.979449503746587,41.23686725064649,0.6518347822867143,4729600.633113894,59.28782743845804,0.7558826145594928,0.7940171705346238
test,M3,calosc,wszystko,1.0504503613697274,1957,0.6560157507233223,1.9270989757496755,39.61765955092192,0.7192437226039397,5825431.230742184,56.129666753798325,0.7685712382740619,0.8073459386926531
test,M3,znany_z_treningu,False,1.0504503613697274,662,0.702612393035403,2.019020298531832,44.54015029172725,0.6359965503660899,4822529.901647575,69.45844978163286,0.8514612458947753,0.8944177781239311
test,M3,znany_z_treningu,True,1.0504503613697274,1295,0.6308677054727967,1.8792404992827463,37.70047589035258,0.7521308874256875,6338111.292410625,49.31603403995551,0.7382194609547659,0.7754629028834095
test,M3,pozycja,DEF,1.0504503613697274,813,0.6358950913364039,1.8887119547849724,37.741757867059015,0.715516389998467,4582899.358574559,52.74352327389982,0.7671514546442061,0.8058545274810816
test,M3,pozycja,FOR,1.0504503613697274,509,0.6667058574153105,1.9478103757057001,40.57479127571174,0.7341356942138114,6951139.154977847,56.5903799442455,0.7883610562839881,0.8281341594172462
test,M3,pozycja,MID,1.0504503613697274,635,0.6725347588827081,1.9591971243410278,40.94849314255244,0.6963350744731674,6513924.267964748,60.09570082501076,0.7512917397117476,0.789194682940287
test,M3,liga,Bundesliga,1.0504503613697274,347,0.5949500315002151,1.8129403527871697,39.724927207425466,0.7560572494113457,4516859.409171981,55.461737130977895,0.941996349607999,0.9895204102140902
test,M3,liga,La_Liga,1.0504503613697274,424,0.7041435034978979,2.022114009437089,41.80716950411155,0.6596887318435699,5630231.235148601,62.12723224507637,0.7581615798571397,0.7964111100956797
test,M3,liga,Ligue_1,1.0504503613697274,360,0.6621423314982404,1.938941744081097,40.04597297371274,0.6506143174581069,4254664.594007662,60.93558315980102,0.757833375778719,0.7960663487538855
test,M3,liga,Premier_League,1.0504503613697274,402,0.6502155858079802,1.9159538369489633,39.66462426319509,0.6900079853883021,9708975.008480923,54.22630044829155,0.7237686425965679,0.7602830341930249
test,M3,liga,Serie_A,1.0504503613697274,424,0.6540182694633739,1.9232534735973994,37.53429569750589,0.6602869909381068,4743192.1052468885,48.40284401669824,0.732277848588716,0.7692215354329549
